﻿<?xml version="1.0" encoding="utf-8"?>
<Defs>

  <SoundDef>
    <defName>AAA_40mm_shot</defName>
    <context>MapOnly</context>
    <eventNames />
    <maxVoices>4</maxVoices>
    <maxSimultaneous>1</maxSimultaneous>
    <subSounds>
      <li>
        <grains>
          <li Class="AudioGrain_Clip">
            <clipPath>AAA_gunfire/tankshot2</clipPath>
          </li>
        </grains>
        <volumeRange>
          <min>40</min>
          <max>60</max>
        </volumeRange>
        <pitchRange>
          <min>0.896413</min>
          <max>1.102391</max>
        </pitchRange>
      </li>
    </subSounds>
  </SoundDef>

  

</Defs>