<?xml version="1.0" encoding="utf-8" ?>
<Defs>

  <ResearchTabDef>
    <defName>AAA_ResearchTab</defName>
    <label>AAA</label>
  </ResearchTabDef>

  <!--ResearchProjectDef>
    <defName>AAA_machineGun</defName>
    <label>AAA : quadruple machine turrets</label>
    <description>Allows you to build maxim machine gun turrets.</description>
    <baseCost>500</baseCost>
    <techLevel>Industrial</techLevel>
    <prerequisites>
      <li>GunTurrets</li>
    </prerequisites>
    <requiredResearchBuilding>HiTechResearchBench</requiredResearchBuilding>
    <tab>AAA_ResearchTab</tab>
    <researchViewX>0</researchViewX>
    <researchViewY>0</researchViewY>
  </ResearchProjectDef>
  <ResearchProjectDef>
    <defName>AAA_MultipleMachinegun</defName>
    <label>AAA: quad maxim</label>
    <description>Allows you to build quadruple maxim.</description>
    <baseCost>250</baseCost>
    <techLevel>Industrial</techLevel>
    <prerequisites>
      <li>GunTurrets</li>
      <li>AAA_machineGun</li>
    </prerequisites>
    <requiredResearchBuilding>HiTechResearchBench</requiredResearchBuilding>
    <tab>AAA_ResearchTab</tab>
    <researchViewX>1</researchViewX>
    <researchViewY>0</researchViewY>
  </ResearchProjectDef-->

  <ResearchProjectDef>
    <defName>AAA_Embrausure</defName>
    <label>Embrasured gun</label>
    <description>Allows you to build emrausured turrets.</description>
    <baseCost>500</baseCost>
    <techLevel>Industrial</techLevel>
    <prerequisites>
      <li>GasOperation</li>
    </prerequisites>
    <requiredResearchBuilding>HiTechResearchBench</requiredResearchBuilding>
    <tab>AAA_ResearchTab</tab>
    <researchViewX>0</researchViewX>
    <researchViewY>2</researchViewY>
  </ResearchProjectDef>


  <ResearchProjectDef>
    <defName>AAA_Autocannon</defName>
    <label>auto cannon</label>
    <description>Allows you to make Oerlikon 20mm gun and 40mm bofors.</description>
    <baseCost>1000</baseCost>
    <techLevel>Industrial</techLevel>
    <prerequisites>
      <li>GasOperation</li>
    </prerequisites>
    <requiredResearchBuilding>HiTechResearchBench</requiredResearchBuilding>
    <tab>AAA_ResearchTab</tab>
    <researchViewX>0</researchViewX>
    <researchViewY>0</researchViewY>
  </ResearchProjectDef>

  <ResearchProjectDef>
    <defName>AAA_MultipleAutocannon</defName>
    <label>dual auto cannon</label>
    <description>Allows you to attach 2 autocannons to make a twin cannon.</description>
    <baseCost>500</baseCost>
    <techLevel>Industrial</techLevel>
    <prerequisites>
      <li>AAA_Autocannon</li>
    </prerequisites>
    <requiredResearchBuilding>HiTechResearchBench</requiredResearchBuilding>
    <tab>AAA_ResearchTab</tab>
    <researchViewX>1</researchViewX>
    <researchViewY>0</researchViewY>
  </ResearchProjectDef>

  <ResearchProjectDef>
    <defName>AAA_QuadAutocannon</defName>
    <label>quadruple auto cannon</label>
    <description>Allows you to make a quad autocannon from 4 gun crates</description>
    <baseCost>1000</baseCost>
    <techLevel>Industrial</techLevel>
    <prerequisites>
      <li>AAA_Autocannon</li>
    </prerequisites>
    <requiredResearchBuilding>HiTechResearchBench</requiredResearchBuilding>
    <tab>AAA_ResearchTab</tab>
    <researchViewX>2</researchViewX>
    <researchViewY>0</researchViewY>
  </ResearchProjectDef>

<ResearchProjectDef>
    <defName>AAA_Gatling</defName>
    <label>gatling guns</label>
    <description>Allows you to make CIWS turret and gatling guns.</description>
    <baseCost>2000</baseCost>
    <techLevel>Industrial</techLevel>
    <prerequisites>
      <li>AAA_Autocannon</li>
    </prerequisites>
    <requiredResearchBuilding>HiTechResearchBench</requiredResearchBuilding>
    <tab>AAA_ResearchTab</tab>
    <researchViewX>1</researchViewX>
    <researchViewY>1</researchViewY>
  </ResearchProjectDef>
</Defs>
