<?xml version="1.0" encoding="utf-8"?>
<Defs>


	<RecipeDef>
		<defName>Recipe_MakeCrateMaxim</defName>
		<label>make maxim machine gun crate</label>
		<description>make a maxim machine gun crate. you need this to build maxim turret.</description>
		<jobString>Cutting gun.</jobString>
		<workAmount>30000</workAmount>
		<workSkill>Crafting</workSkill>
		<workSpeedStat>SmithingSpeed</workSpeedStat>
		<effectWorking>Smith</effectWorking>
		<unfinishedThingDef>UnfinishedGun</unfinishedThingDef>
		<ingredients>
			<li>
				<filter>
					<thingDefs>
						<li>Steel</li>
					</thingDefs>
				</filter>
				<count>75</count>
			</li>
			<li>
				<filter>
					<thingDefs>
						<li>Component</li>
					</thingDefs>
				</filter>
				<count>3</count>
			</li>
		</ingredients>
		<fixedIngredientFilter>
			<thingDefs>
				<li>Steel</li>
			</thingDefs>
		</fixedIngredientFilter>
		<products>
			<AAA_Crate_Maxim>1</AAA_Crate_Maxim>
		</products>
		<recipeUsers>
			<li>FueledSmithy</li>
			<li>ElectricSmithy</li>
			<li>TableMachining</li>
		</recipeUsers>
	     <researchPrerequisite>BlowbackOperation</researchPrerequisite>

	</RecipeDef>


	<RecipeDef>
		<defName>Recipe_MakeCrate50cal</defName>
		<label>make .50Cal machine gun crate</label>
		<description>make a .50Cal machine gun crate. you need this to build M2 turret.</description>
		<jobString>Cutting gun.</jobString>
		<workAmount>45000</workAmount>
		<workSkill>Crafting</workSkill>
		<workSpeedStat>SmithingSpeed</workSpeedStat>
		<effectWorking>Smith</effectWorking>
		<unfinishedThingDef>UnfinishedGun</unfinishedThingDef>
		<ingredients>
			<li>
				<filter>
					<thingDefs>
						<li>Steel</li>
					</thingDefs>
				</filter>
				<count>100</count>
			</li>
			<li>
				<filter>
					<thingDefs>
						<li>Component</li>
					</thingDefs>
				</filter>
				<count>5</count>
			</li>
		</ingredients>
		<fixedIngredientFilter>
			<thingDefs>
				<li>Steel</li>
			</thingDefs>
		</fixedIngredientFilter>
		<products>
			<AAA_Crate_M2_Browning>1</AAA_Crate_M2_Browning>
		</products>
		<recipeUsers>
			<li>FueledSmithy</li>
			<li>ElectricSmithy</li>
			<li>TableMachining</li>
		</recipeUsers>
		<researchPrerequisite>GasOperation</researchPrerequisite>

	</RecipeDef>

	<RecipeDef>
		<defName>Recipe_MakeCrateOerlikon</defName>
		<label>make 20mm machine gun crate</label>
		<description>make a Oerlikon 20mm machine gun crate. You need this to build Oerlikon turret.</description>
		<jobString>Cutting gun.</jobString>
		<workAmount>60000</workAmount>
		<workSkill>Crafting</workSkill>
		<workSpeedStat>SmithingSpeed</workSpeedStat>
		<effectWorking>Smith</effectWorking>
		<unfinishedThingDef>UnfinishedGun</unfinishedThingDef>
		<ingredients>
			<li>
				<filter>
					<thingDefs>
						<li>Steel</li>
					</thingDefs>
				</filter>
				<count>250</count>
			</li>
			<li>
				<filter>
					<thingDefs>
						<li>Component</li>
					</thingDefs>
				</filter>
				<count>6</count>
			</li>
		</ingredients>
		<fixedIngredientFilter>
			<thingDefs>
				<li>Steel</li>
			</thingDefs>
		</fixedIngredientFilter>
		<products>
			<AAA_Crate_Oerlikon>1</AAA_Crate_Oerlikon>
		</products>
		<recipeUsers>
			<li>FueledSmithy</li>
			<li>ElectricSmithy</li>
			<li>TableMachining</li>
		</recipeUsers>

	<researchPrerequisite>AAA_Autocannon</researchPrerequisite>
	</RecipeDef>

<!--RecipeDef>
		<defName>Recipe_MakeCrateAZP13</defName>
		<label>make russian 20mm machine gun crate</label>
		<description>make a russian 20mm machine gun crate. You need this to build ZSU23 turret.</description>
		<jobString>Cutting gun.</jobString>
		<workAmount>60000</workAmount>
		<workSkill>Crafting</workSkill>
		<workSpeedStat>SmithingSpeed</workSpeedStat>
		<effectWorking>Smith</effectWorking>
		<unfinishedThingDef>UnfinishedGun</unfinishedThingDef>
		<ingredients>
			<li>
				<filter>
					<thingDefs>
						<li>Steel</li>
					</thingDefs>
				</filter>
				<count>300</count>
			</li>
			<li>
				<filter>
					<thingDefs>
						<li>Component</li>
					</thingDefs>
				</filter>
				<count>7</count>
			</li>
		</ingredients>
		<fixedIngredientFilter>
			<thingDefs>
				<li>Steel</li>
			</thingDefs>
		</fixedIngredientFilter>
		<products>
			<AAA_Crate_23mmgun>1</AAA_Crate_23mmgun>
		</products>
		<recipeUsers>
			<li>FueledSmithy</li>
			<li>ElectricSmithy</li>
			<li>TableMachining</li>
		</recipeUsers>

	<researchPrerequisite>AAA_Autocannon</researchPrerequisite>
</RecipeDef-->


		<RecipeDef>
		<defName>Recipe_MakeCrate40mm_gun</defName>
		<label>make 40mm machine gun crate</label>
		<description>make a Bofors 40mm anti aircraft artillery crate. You need this to build Bofors turret.</description>
		<jobString>Cutting gun.</jobString>
		<workAmount>130000</workAmount>
		<workSkill>Crafting</workSkill>
		<workSpeedStat>SmithingSpeed</workSpeedStat>
		<effectWorking>Smith</effectWorking>
		<unfinishedThingDef>UnfinishedGun</unfinishedThingDef>
		<ingredients>
			<li>
				<filter>
					<thingDefs>
						<li>Steel</li>
					</thingDefs>
				</filter>
				<count>450</count>
			</li>
			<li>
				<filter>
					<thingDefs>
						<li>Component</li>
					</thingDefs>
				</filter>
				<count>12</count>
			</li>
		</ingredients>
		<fixedIngredientFilter>
			<thingDefs>
				<li>Steel</li>
			</thingDefs>
		</fixedIngredientFilter>
		<products>
			<AAA_Crate_Bofors>1</AAA_Crate_Bofors>
		</products>
		<recipeUsers>
			<li>FueledSmithy</li>
			<li>ElectricSmithy</li>
			<li>TableMachining</li>
		</recipeUsers>
		<researchPrerequisite>AAA_Autocannon</researchPrerequisite>
	</RecipeDef>





			<!--RecipeDef>
		<defName>Recipe_MakeCrate57mm_gun</defName>
		<label>make s60 flak gun crate</label>
		<description>make a S60 anti aircraft artillery crate. You need this to build S60 turret.</description>
		<jobString>Cutting gun.</jobString>
		<workAmount>150000</workAmount>
		<workSkill>Crafting</workSkill>
		<workSpeedStat>SmithingSpeed</workSpeedStat>
		<effectWorking>Smith</effectWorking>
		<unfinishedThingDef>UnfinishedGun</unfinishedThingDef>
		<ingredients>
			<li>
				<filter>
					<thingDefs>
						<li>Steel</li>
					</thingDefs>
				</filter>
				<count>550</count>
			</li>
			<li>
				<filter>
					<thingDefs>
						<li>Component</li>
					</thingDefs>
				</filter>
				<count>14</count>
			</li>
		</ingredients>
		<fixedIngredientFilter>
			<thingDefs>
				<li>Steel</li>
			</thingDefs>
		</fixedIngredientFilter>
		<products>
			<AAA_Crate_S60AZP>1</AAA_Crate_S60AZP>
		</products>
		<recipeUsers>
			<li>FueledSmithy</li>
			<li>ElectricSmithy</li>
			<li>TableMachining</li>
		</recipeUsers>
		<researchPrerequisite>AAA_Autocannon</researchPrerequisite>

	</RecipeDef-->

</Defs>
