﻿<?xml version="1.0" encoding="utf-8"?>
<ModMetaData>

    <name>Machine gun defense</name>

    <author>match_milk</author>

    <url></url>

    <targetVersion>0.18.1722</targetVersion>

    <description>
this mod adds variety of manned machine gun turrets and flak guns.
	
To make machine gun turret, you need to make gun crate first at machining table and use it to build the turrets. 
when deconstructed,turrets drop its gun crate. use 2 gun crates to make twin machine gun, or 4 to make quadruple gun.	
	
most of the turrets need to be manned and require bullet to fire.	
you need to research gas operation to unlock maxim machine gun.

	

	
------Turrets----------------------------------------------------------

---7.62mm gun.	
:Maxim 7.62mm machine gun
:Quad Maxim
:Embrausured Maxim
	
---20mm gun. Can fire high explosive shell and armor piercing shell.
:Oerlikon 20mm machine gun
:twin Oerlikon with shield
:Polsten Quad 20mm gun 
	
---40mm gun. Can fire high explosive shell and incendiary shell.	
:Bofors 40mm auto cannon
:Mk.1 Dual Bofors
:Mk.2 Quad Bofors

---Gatling gun
:C-RAM (CIWS) turret

	
-----Compatibility-------------------------------------------------
should be compatible with most of mods other than combat extended.
you can add this mod to your existent save data.

	</description>

</ModMetaData>